Mouse ID,Tumor Volume,Weight
b128,41.963635634,22
b742,40.083699304,21
f966,36.50597276,17
g288,41.990096605999994,19
g316,44.613343896,22
i557,44.80580968499999,24
i738,39.14105275,20
j119,44.465236345,23
j246,43.21692460875,21
l509,44.43447379,21
l897,42.507261035000006,19
m601,34.847469897,17
m957,39.049816448,19
r157,45.798969507500004,25
r554,36.509212046,17
r944,43.36736445299999,25
s185,34.559143395,17
s710,42.80373304399999,23
t565,39.328725099,17
u364,39.887495191,17
v923,41.58159510099999,21
w150,41.384825209999995,23
w914,41.352452281,21
x401,36.182039562,15
y793,38.506829248,17
