Timepoint,Capomulin,Ceftamin,Infubinol,Ketapril,Naftisol,Placebo,Propriva,Ramicane,Stelasyn,Zoniferol
0,45.0,45.0,45.0,45.0,45.0,45.0,45.0,45.0,45.0,45.0
5,44.2660864152,46.50305095857143,46.541246737600005,47.38917452086955,46.7960980973913,47.12558918833333,47.24896703239999,43.94485939959999,47.47083036130435,46.85181826583334
10,43.084290582,48.28512521599999,49.403908570952375,49.582268975000005,48.69420960476191,49.42332947833332,49.10154084347826,42.531957295000005,49.33536774285714,48.68988143454545
15,42.06431734625,50.09405489368421,51.29639655619047,52.39997374263157,50.93301827619048,51.35974169799999,51.06731847470588,41.49506092208333,51.44802518142856,50.77905905047619
20,40.71632532173913,52.15704850444445,53.19769093499999,54.920934738421046,53.6440874435,54.3644170268421,53.34673736647058,40.23832485782609,53.97008004684211,53.17033368999999
25,39.93952782681818,54.287674057777785,55.71525236222221,57.67898171789474,56.731967581666666,57.48257374470588,55.50413764714286,38.97429956086957,56.172821052777785,55.43293487375
30,38.76933928863636,56.76951721000001,58.299397209411765,60.99450719388889,59.55950855800001,59.809063185999996,58.19637416076924,38.70313733869565,59.87052840352943,57.713530924666664
35,37.816838882272734,58.827547826428564,60.74246122583333,63.371686046470586,62.68508694733334,62.420615067857156,60.35019904899999,37.45199634428572,62.43202078933334,60.08937222071428
40,36.958000811428576,61.46789544714285,63.162824422999996,66.06858034866666,65.600753736,65.052675005,63.04553675444444,36.574080675999994,65.35638597500001,62.91669187642857
45,36.2361138,64.13242133615384,65.75556227777777,70.66295760818181,69.26550621153847,68.08408221818182,66.25852868857143,34.95559479199999,68.4383104309091,65.9608878892857
